[
    {
      "title": "Top Business Trends From the Last Decade",
      "date": "October 15, 2024",
      "readTime": 5
    },
    {
      "title": "How One Product Made Millions",
      "date": "October 12, 2024",
      "readTime": 3
    },
    {
      "title": "STARTUP: A Beginner's Guide to Success",
      "date": "October 10, 2024",
      "readTime": 7
    },
    {
      "title": "ROI vs ROE: Comparing the Two Investment Metrics",
      "date": "October 8, 2024",
      "readTime": 4
    },
    {
      "title": "Latest AI Product Trend: What to Expect",
      "date": "October 5, 2024",
      "readTime": 6
    },
    {
      "title": "Passive Income Strategies: Study Shows",
      "date": "October 3, 2024",
      "readTime": 8
    },
    {
      "title": "BUSINESS METRICS 101: Learning the Fundamentals",
      "date": "September 30, 2024",
      "readTime": 9
    },
    {
      "title": "SALES 101: Mastering the Essential Skills",
      "date": "September 28, 2024",
      "readTime": 6
    },
    {
      "title": "TIME MANAGEMENT: Unlocking Your Potential",
      "date": "September 25, 2024",
      "readTime": 5
    }
  ]
  